Date,Company,Symbol,Open,High,Low,Close,Volume,RSI,SMA_5,SMA_10,MACD,MACD_Signal
2025-05-04,HDFC Bank,HDFCBANK.NS,1626.63,1631.09,1603.18,1626.63,2732979,50.0,,,0.0,0.0
2025-05-04,Infosys,INFY.NS,1575.3,1600.52,1563.57,1575.3,1434210,50.0,,,0.0,0.0
2025-05-04,Reliance Industries,RELIANCE.NS,2894.84,2899.71,2886.29,2894.84,1847664,50.0,,,0.0,0.0
2025-05-04,Sun Pharma,SUNPHARMA.NS,1395.19,1422.27,1376.72,1395.19,4400769,50.0,,,0.0,0.0
2025-05-04,Tata Motors,TATAMOTORS.NS,923.64,939.84,918.68,923.64,3234254,50.0,,,0.0,0.0
2025-05-05,HDFC Bank,HDFCBANK.NS,1626.63,1646.82,1616.31,1621.73,2744176,50.0,,,-0.1099,-0.0611
2025-05-05,Infosys,INFY.NS,1575.3,1588.12,1548.27,1566.89,1552418,50.0,,,-0.1887,-0.1048
2025-05-05,Reliance Industries,RELIANCE.NS,2894.84,2987.65,2911.41,2953.03,3998412,50.0,,,1.3055,0.7253
2025-05-05,Sun Pharma,SUNPHARMA.NS,1395.19,1409.5,1383.15,1396.85,2139125,50.0,,,0.0372,0.0207
2025-05-05,Tata Motors,TATAMOTORS.NS,923.64,950.95,931.19,945.05,4669417,50.0,,,0.4804,0.2669
2025-05-06,HDFC Bank,HDFCBANK.NS,1621.73,1631.12,1602.83,1606.91,6901981,50.0,,,-0.5996,-0.2818
2025-05-06,Infosys,INFY.NS,1566.89,1562.79,1538.16,1543.64,4656651,50.0,,,-0.9614,-0.4559
2025-05-06,Reliance Industries,RELIANCE.NS,2953.03,3017.73,2954.96,2963.36,2500530,50.0,,,1.9839,1.2411
2025-05-06,Sun Pharma,SUNPHARMA.NS,1396.85,1415.55,1395.61,1411.78,1564696,50.0,,,0.5104,0.2214
2025-05-06,Tata Motors,TATAMOTORS.NS,945.05,938.76,929.86,936.84,2856343,50.0,,,0.3575,0.304
2025-05-07,HDFC Bank,HDFCBANK.NS,1606.91,1650.87,1620.77,1646.49,5417959,50.0,,,0.6213,0.0241
2025-05-07,Infosys,INFY.NS,1543.64,1539.33,1508.91,1535.64,4105326,50.0,,,-1.5781,-0.836
2025-05-07,Reliance Industries,RELIANCE.NS,2963.36,2972.22,2961.19,2967.77,2246421,50.0,,,2.403,1.6347
2025-05-07,Sun Pharma,SUNPHARMA.NS,1411.78,1430.86,1408.99,1419.15,3078609,50.0,,,0.9792,0.4781
2025-05-07,Tata Motors,TATAMOTORS.NS,936.84,931.26,915.66,921.98,5690649,50.0,,,-0.2437,0.1185
2025-05-08,HDFC Bank,HDFCBANK.NS,1646.49,1659.51,1618.45,1627.2,4049181,50.0,1625.79,,0.5041,0.1669
2025-05-08,Infosys,INFY.NS,1535.64,1553.97,1512.82,1530.79,4049199,50.0,1550.45,,-2.073,-1.204
2025-05-08,Reliance Industries,RELIANCE.NS,2967.77,3021.96,2931.68,2962.87,5371794,50.0,2948.37,,2.3851,1.8579
2025-05-08,Sun Pharma,SUNPHARMA.NS,1419.15,1460.82,1418.06,1440.65,4681851,50.0,1412.72,,2.0689,0.9513
2025-05-08,Tata Motors,TATAMOTORS.NS,921.98,931.82,924.04,926.15,2736514,50.0,930.73,,-0.3993,-0.0355
2025-05-09,HDFC Bank,HDFCBANK.NS,1627.2,1639.24,1605.59,1634.57,4089601,50.0,1627.38,,0.7393,0.3221
2025-05-09,Infosys,INFY.NS,1530.79,1528.48,1512.55,1523.21,5733159,50.0,1540.03,,-2.6557,-1.5975
2025-05-09,Reliance Industries,RELIANCE.NS,2962.87,2956.47,2923.33,2944.82,3271128,50.0,2958.37,,1.5578,1.7766
2025-05-09,Sun Pharma,SUNPHARMA.NS,1440.65,1448.98,1418.53,1427.61,7128646,50.0,1419.21,,2.1274,1.2701
2025-05-09,Tata Motors,TATAMOTORS.NS,926.15,913.46,904.97,912.27,4655968,50.0,928.46,,-1.0788,-0.3183
2025-05-10,HDFC Bank,HDFCBANK.NS,1634.57,1658.95,1616.2,1641.53,4363726,50.0,1631.34,,1.1927,0.5424
2025-05-10,Infosys,INFY.NS,1523.21,1542.95,1508.21,1513.16,4177251,50.0,1529.29,,-3.4389,-2.0635
2025-05-10,Reliance Industries,RELIANCE.NS,2944.82,2993.03,2950.56,2954.85,6104794,50.0,2958.73,,1.4547,1.6951
2025-05-10,Sun Pharma,SUNPHARMA.NS,1427.61,1460.32,1445.25,1451.64,7472904,50.0,1430.17,,3.2169,1.7628
2025-05-10,Tata Motors,TATAMOTORS.NS,912.27,908.87,899.75,908.04,5257750,50.0,921.06,,-1.6877,-0.6649
2025-05-11,HDFC Bank,HDFCBANK.NS,1641.53,1641.06,1639.82,1640.78,1644836,50.0,1638.11,,1.4419,0.7586
2025-05-11,Infosys,INFY.NS,1513.16,1556.99,1499.97,1527.29,2207758,50.0,1526.02,,-3.2367,-2.3454
2025-05-11,Reliance Industries,RELIANCE.NS,2954.85,3007.05,2917.45,2959.15,5160136,50.0,2957.89,,1.5667,1.6643
2025-05-11,Sun Pharma,SUNPHARMA.NS,1451.64,1468.75,1443.1,1448.43,5142176,50.0,1437.5,,3.7431,2.2387
2025-05-11,Tata Motors,TATAMOTORS.NS,908.04,930.67,898.07,913.34,1784580,50.0,916.36,,-1.8167,-0.9417
2025-05-12,HDFC Bank,HDFCBANK.NS,1640.78,1659.87,1612.12,1638.57,3519498,50.0,1636.53,,1.4829,0.9259
2025-05-12,Infosys,INFY.NS,1527.29,1550.63,1503.1,1525.96,1336458,50.0,1524.08,,-3.1135,-2.5229
2025-05-12,Reliance Industries,RELIANCE.NS,2959.15,2985.0,2940.06,2979.52,3476385,50.0,2960.24,,2.6311,1.8876
2025-05-12,Sun Pharma,SUNPHARMA.NS,1448.43,1471.85,1444.97,1446.94,2284627,50.0,1443.05,,3.9766,2.6402
2025-05-12,Tata Motors,TATAMOTORS.NS,913.34,919.1,898.22,910.79,3262409,50.0,914.12,,-2.005,-1.1873
2025-05-13,HDFC Bank,HDFCBANK.NS,1638.57,1648.93,1625.65,1634.54,5101022,50.0,1638.0,1631.9,1.2828,1.0059
2025-05-13,Infosys,INFY.NS,1525.96,1533.82,1508.88,1529.96,2636668,50.0,1523.92,1537.18,-2.7747,-2.5793
2025-05-13,Reliance Industries,RELIANCE.NS,2979.52,3013.78,2928.83,2963.56,5105717,50.0,2960.38,2954.38,2.5257,2.0306
2025-05-13,Sun Pharma,SUNPHARMA.NS,1446.94,1485.35,1449.7,1464.5,5146663,50.0,1447.82,1430.27,4.9888,3.1664
2025-05-13,Tata Motors,TATAMOTORS.NS,910.79,934.9,916.42,925.27,1867541,50.0,913.94,922.34,-1.3635,-1.2268
2025-05-14,HDFC Bank,HDFCBANK.NS,1634.54,1665.73,1639.91,1642.01,3301594,50.0,1639.49,1633.43,1.5182,1.118
2025-05-14,Infosys,INFY.NS,1529.96,1532.91,1511.37,1520.04,1381170,50.0,1523.28,1531.66,-3.0195,-2.6756
2025-05-14,Reliance Industries,RELIANCE.NS,2963.56,3065.7,2996.58,3016.89,8875580,50.0,2974.79,2966.58,5.2554,2.7361
2025-05-14,Sun Pharma,SUNPHARMA.NS,1464.5,1493.59,1453.96,1466.16,3502131,50.0,1455.53,1437.37,5.7388,3.7292
2025-05-14,Tata Motors,TATAMOTORS.NS,925.27,928.96,911.57,919.32,5754308,50.0,915.35,921.91,-1.1978,-1.2204
2025-05-15,HDFC Bank,HDFCBANK.NS,1642.01,1667.24,1623.1,1646.56,5097643,50.0,1640.49,1635.92,1.92,1.2902
2025-05-15,Infosys,INFY.NS,1520.04,1547.29,1505.57,1517.3,3065453,50.0,1524.11,1526.7,-3.3084,-2.8115
2025-05-15,Reliance Industries,RELIANCE.NS,3016.89,2998.85,2972.22,2991.52,6246737,50.0,2982.13,2970.43,5.7915,3.3923
2025-05-15,Sun Pharma,SUNPHARMA.NS,1466.16,1466.42,1432.55,1448.1,4557236,50.0,1454.83,1442.5,5.2185,4.0491
2025-05-15,Tata Motors,TATAMOTORS.NS,919.32,933.38,908.95,925.35,4559971,50.0,918.81,919.93,-0.7288,-1.1149
2025-05-16,HDFC Bank,HDFCBANK.NS,1646.56,1664.62,1640.46,1659.6,3567151,50.0,1644.26,1641.18,2.9292,1.6371
2025-05-16,Infosys,INFY.NS,1517.3,1532.83,1514.65,1519.6,1430276,50.0,1522.57,1524.3,-3.3488,-2.9252
2025-05-16,Reliance Industries,RELIANCE.NS,2991.52,3104.57,2987.67,3047.14,4692491,50.0,2999.73,2978.81,9.2542,4.6329
2025-05-16,Sun Pharma,SUNPHARMA.NS,1448.1,1468.65,1460.08,1462.77,6122093,50.0,1457.69,1447.6,5.5921,4.3756
2025-05-16,Tata Motors,TATAMOTORS.NS,925.35,937.51,921.73,924.81,3687988,50.0,921.11,918.73,-0.4018,-0.964
2025-05-17,HDFC Bank,HDFCBANK.NS,1659.6,1680.14,1663.85,1666.42,5748155,65.1,1649.83,1643.18,4.0418,2.1401
2025-05-17,Infosys,INFY.NS,1519.6,1548.82,1501.15,1518.53,2365339,20.93,1521.09,1522.58,-3.3976,-3.024
2025-05-17,Reliance Industries,RELIANCE.NS,3047.14,3083.73,3035.49,3080.61,3514422,79.55,3019.94,2990.09,13.6656,6.5225
2025-05-17,Sun Pharma,SUNPHARMA.NS,1462.77,1480.72,1455.99,1462.46,1447684,74.11,1460.8,1451.93,5.7811,4.6696
2025-05-17,Tata Motors,TATAMOTORS.NS,924.81,905.78,900.97,903.36,6712381,41.76,919.62,916.87,-1.395,-1.0541
2025-05-18,HDFC Bank,HDFCBANK.NS,1666.42,1714.97,1676.34,1691.74,7834869,70.72,1661.27,1649.63,6.3318,3.009
2025-05-18,Infosys,INFY.NS,1518.53,1564.99,1515.77,1545.6,7971465,38.09,1524.21,1524.06,-1.7847,-2.7671
2025-05-18,Reliance Industries,RELIANCE.NS,3080.61,3114.41,3031.17,3057.89,3975236,74.19,3038.81,2999.6,15.4699,8.3773
2025-05-18,Sun Pharma,SUNPHARMA.NS,1462.46,1459.31,1444.69,1450.88,1842940,68.43,1458.07,1452.95,5.1627,4.7719
2025-05-18,Tata Motors,TATAMOTORS.NS,903.36,922.31,891.15,904.29,5140957,42.2,915.43,914.68,-2.071,-1.2649
2025-05-19,HDFC Bank,HDFCBANK.NS,1691.74,1725.98,1684.58,1696.8,5191071,73.87,1672.22,1655.86,8.2968,4.0972
2025-05-19,Infosys,INFY.NS,1545.6,1585.42,1532.68,1559.41,5417988,47.13,1532.09,1527.68,0.2992,-2.1361
2025-05-19,Reliance Industries,RELIANCE.NS,3057.89,3125.72,3059.25,3098.87,3458109,72.8,3055.21,3015.0,19.13,10.5901
2025-05-19,Sun Pharma,SUNPHARMA.NS,1450.88,1470.38,1450.61,1460.3,6937362,69.97,1456.9,1456.22,5.2,4.86
2025-05-19,Tata Motors,TATAMOTORS.NS,904.29,912.52,885.92,903.66,3763978,29.95,912.29,913.82,-2.5961,-1.5389
2025-05-20,HDFC Bank,HDFCBANK.NS,1696.8,1705.92,1685.95,1702.97,1537195,82.32,1683.51,1662.0,10.0742,5.3202
2025-05-20,Infosys,INFY.NS,1559.41,1554.82,1526.81,1546.84,5232156,51.34,1538.0,1531.05,1.1069,-1.4726
2025-05-20,Reliance Industries,RELIANCE.NS,3098.87,3157.97,3082.54,3112.87,2537041,73.11,3079.48,3030.8,22.5503,13.0372
2025-05-20,Sun Pharma,SUNPHARMA.NS,1460.3,1501.1,1470.49,1481.18,3030752,71.06,1463.52,1459.17,6.456,5.1865
2025-05-20,Tata Motors,TATAMOTORS.NS,903.66,898.24,870.02,884.96,2422855,27.19,904.22,911.52,-4.1217,-2.0673
2025-05-21,HDFC Bank,HDFCBANK.NS,1702.97,1700.64,1677.99,1697.23,1441594,72.1,1691.03,1667.64,10.9498,6.4667
2025-05-21,Infosys,INFY.NS,1546.84,1592.28,1542.59,1563.79,5058227,60.96,1546.83,1534.7,2.7805,-0.6063
2025-05-21,Reliance Industries,RELIANCE.NS,3112.87,3201.22,3149.66,3169.77,2618025,76.86,3104.0,3051.86,28.4804,16.1825
2025-05-21,Sun Pharma,SUNPHARMA.NS,1481.18,1526.5,1490.58,1497.12,5210504,72.49,1470.39,1464.04,8.3436,5.8295
2025-05-21,Tata Motors,TATAMOTORS.NS,884.96,889.19,884.43,886.27,3042220,32.17,896.51,908.81,-5.1568,-2.6966
2025-05-22,HDFC Bank,HDFCBANK.NS,1697.23,1737.92,1699.56,1712.15,2109327,88.47,1700.18,1675.0,12.4467,7.6802
2025-05-22,Infosys,INFY.NS,1563.79,1582.42,1545.65,1554.01,3925035,58.71,1553.93,1537.51,3.4055,0.2078
2025-05-22,Reliance Industries,RELIANCE.NS,3169.77,3185.36,3116.45,3161.16,5788286,76.11,3120.11,3070.03,32.139,19.4205
2025-05-22,Sun Pharma,SUNPHARMA.NS,1497.12,1499.62,1458.09,1480.37,2674292,61.78,1473.97,1467.38,8.6183,6.3954
2025-05-22,Tata Motors,TATAMOTORS.NS,886.27,913.1,880.49,896.83,6981187,36.24,895.2,907.41,-5.2121,-3.207
2025-05-23,HDFC Bank,HDFCBANK.NS,1712.15,1715.84,1687.19,1695.84,5885113,75.67,1701.0,1681.13,12.387,8.6326
2025-05-23,Infosys,INFY.NS,1554.01,1529.26,1514.7,1527.21,3343768,51.31,1550.25,1537.23,2.0992,0.5905
2025-05-23,Reliance Industries,RELIANCE.NS,3161.16,3237.91,3174.43,3210.51,3288021,82.32,3150.64,3094.72,37.7879,23.1368
2025-05-23,Sun Pharma,SUNPHARMA.NS,1480.37,1518.43,1474.06,1489.87,5564992,68.86,1481.77,1469.92,9.3453,6.9923
2025-05-23,Tata Motors,TATAMOTORS.NS,896.83,917.26,893.89,902.6,2245881,45.09,894.86,905.15,-4.8158,-3.5325
2025-05-24,HDFC Bank,HDFCBANK.NS,1695.84,1697.55,1681.14,1684.61,5809164,67.42,1698.56,1685.39,11.4495,9.2012
2025-05-24,Infosys,INFY.NS,1527.21,1554.86,1542.26,1542.88,2107775,59.4,1546.95,1539.52,2.1015,0.8955
2025-05-24,Reliance Industries,RELIANCE.NS,3210.51,3247.7,3167.49,3224.87,1896748,82.51,3175.84,3115.52,42.6495,27.0757
2025-05-24,Sun Pharma,SUNPHARMA.NS,1489.87,1514.02,1469.03,1498.91,5421239,65.75,1489.49,1473.2,10.393,7.6788
2025-05-24,Tata Motors,TATAMOTORS.NS,902.6,911.46,900.74,911.11,4411290,51.49,896.35,904.32,-3.8888,-3.6045
2025-05-25,HDFC Bank,HDFCBANK.NS,1684.61,1713.95,1662.25,1681.55,4998689,66.19,1694.28,1688.89,10.3819,9.4391
2025-05-25,Infosys,INFY.NS,1542.88,1565.73,1529.15,1553.39,1462750,58.45,1548.26,1543.13,2.7831,1.2758
2025-05-25,Reliance Industries,RELIANCE.NS,3224.87,3286.97,3188.7,3228.32,4364223,82.47,3198.93,3139.2,46.1366,30.9162
2025-05-25,Sun Pharma,SUNPHARMA.NS,1498.91,1509.13,1463.94,1488.46,6225719,62.72,1490.95,1477.23,10.3794,8.2229
2025-05-25,Tata Motors,TATAMOTORS.NS,911.11,913.91,901.86,909.83,1576990,48.22,901.33,902.77,-3.2107,-3.5251
2025-05-26,HDFC Bank,HDFCBANK.NS,1681.55,1725.46,1689.88,1714.67,6479882,74.26,1697.76,1694.4,11.6811,9.8902
2025-05-26,Infosys,INFY.NS,1553.39,1567.5,1533.43,1557.34,2170695,59.98,1546.97,1546.9,3.5472,1.7328
2025-05-26,Reliance Industries,RELIANCE.NS,3228.32,3168.1,3128.28,3150.77,9580538,68.15,3195.13,3149.56,43.0255,33.3524
2025-05-26,Sun Pharma,SUNPHARMA.NS,1488.46,1488.97,1450.4,1479.43,5968601,59.85,1487.41,1478.9,9.6324,8.5065
2025-05-26,Tata Motors,TATAMOTORS.NS,909.83,933.9,904.66,915.86,5641085,52.48,907.25,901.88,-2.237,-3.266
2025-05-27,HDFC Bank,HDFCBANK.NS,1714.67,1700.25,1687.76,1695.51,1804134,67.73,1694.44,1697.31,11.235,10.1604
2025-05-27,Infosys,INFY.NS,1557.34,1563.12,1554.25,1554.53,1789653,57.88,1547.07,1550.5,3.9056,2.1694
2025-05-27,Reliance Industries,RELIANCE.NS,3150.77,3182.75,3112.62,3154.61,3869018,70.79,3193.82,3156.96,40.3653,34.7617
2025-05-27,Sun Pharma,SUNPHARMA.NS,1479.43,1482.26,1478.59,1478.85,3102598,54.85,1487.1,1480.54,8.8986,8.5853
2025-05-27,Tata Motors,TATAMOTORS.NS,915.86,911.03,893.06,907.2,5219020,40.62,909.32,902.26,-2.0497,-3.0216
2025-05-28,HDFC Bank,HDFCBANK.NS,1695.51,1722.51,1695.59,1713.02,2297894,69.51,1697.87,1699.44,11.973,10.5243
2025-05-28,Infosys,INFY.NS,1554.53,1563.62,1521.17,1549.42,4020351,59.72,1551.51,1550.88,3.7831,2.4934
2025-05-28,Reliance Industries,RELIANCE.NS,3154.61,3175.17,3114.19,3165.76,1738514,67.83,3184.87,3167.75,38.5971,35.5317
2025-05-28,Sun Pharma,SUNPHARMA.NS,1478.85,1498.12,1467.74,1487.64,1940388,56.93,1486.66,1484.21,8.8342,8.6352
2025-05-28,Tata Motors,TATAMOTORS.NS,907.2,905.92,894.45,905.52,2744747,42.51,909.9,902.38,-1.9968,-2.8158
2025-05-29,HDFC Bank,HDFCBANK.NS,1713.02,1691.7,1687.36,1688.85,8782654,60.49,1698.72,1698.64,10.7101,10.5616
2025-05-29,Infosys,INFY.NS,1549.42,1598.11,1550.33,1570.67,3564977,65.73,1557.07,1552.01,5.1356,3.0234
2025-05-29,Reliance Industries,RELIANCE.NS,3165.76,3263.09,3199.11,3223.5,3101720,75.79,3184.59,3180.21,40.8225,36.593
2025-05-29,Sun Pharma,SUNPHARMA.NS,1487.64,1495.49,1468.06,1481.26,2603249,61.57,1483.13,1486.31,8.2327,8.5545
2025-05-29,Tata Motors,TATAMOTORS.NS,905.52,924.85,899.81,915.61,4578866,44.93,910.8,903.58,-1.2237,-2.4964
2025-05-30,HDFC Bank,HDFCBANK.NS,1688.85,1733.64,1685.07,1714.66,8897899,62.84,1705.34,1699.81,11.4305,10.7358
2025-05-30,Infosys,INFY.NS,1570.67,1606.09,1562.21,1581.22,1657188,67.32,1562.64,1555.45,6.8772,3.796
2025-05-30,Reliance Industries,RELIANCE.NS,3223.5,3248.79,3162.08,3209.19,1779275,69.84,3180.77,3189.85,41.0651,37.4896
2025-05-30,Sun Pharma,SUNPHARMA.NS,1481.26,1504.25,1460.38,1487.28,4324951,59.1,1482.89,1486.92,8.0945,8.4623
2025-05-30,Tata Motors,TATAMOTORS.NS,915.61,883.08,865.41,880.91,5523781,33.15,905.02,903.17,-3.0666,-2.6107
2025-05-31,HDFC Bank,HDFCBANK.NS,1714.66,1724.67,1695.88,1704.22,2384454,58.67,1703.25,1700.51,11.1124,10.8112
2025-05-31,Infosys,INFY.NS,1581.22,1588.27,1568.45,1568.72,4403173,63.25,1564.91,1555.94,7.2611,4.4904
2025-05-31,Reliance Industries,RELIANCE.NS,3209.19,3247.33,3186.95,3205.83,1751902,66.55,3191.78,3193.45,40.5354,38.1
2025-05-31,Sun Pharma,SUNPHARMA.NS,1487.28,1499.99,1462.07,1480.24,2362643,56.29,1483.05,1485.23,7.389,8.2472
2025-05-31,Tata Motors,TATAMOTORS.NS,880.91,880.3,855.34,867.96,4151709,35.47,895.44,901.34,-5.3938,-3.1684
2025-06-01,HDFC Bank,HDFCBANK.NS,1704.22,1689.59,1653.55,1669.3,6607996,45.07,1698.01,1696.22,8.2177,10.2917
2025-06-01,Infosys,INFY.NS,1568.72,1600.68,1576.12,1584.12,6654643,60.84,1570.83,1558.95,8.5864,5.3109
2025-06-01,Reliance Industries,RELIANCE.NS,3205.83,3241.62,3198.19,3209.6,3167002,71.11,3202.78,3198.3,39.9225,38.465
2025-06-01,Sun Pharma,SUNPHARMA.NS,1480.24,1491.0,1460.28,1478.65,1856807,60.57,1483.01,1485.06,6.638,7.9249
2025-06-01,Tata Motors,TATAMOTORS.NS,867.96,867.98,839.2,854.44,1985759,31.45,884.89,897.1,-8.1215,-4.1606
2025-06-02,HDFC Bank,HDFCBANK.NS,1669.3,1701.58,1662.65,1675.48,3392537,45.34,1690.5,1694.19,6.3115,9.4947
2025-06-02,Infosys,INFY.NS,1584.12,1615.1,1575.87,1601.66,2327381,61.65,1581.28,1566.4,10.7953,6.4091
2025-06-02,Reliance Industries,RELIANCE.NS,3209.6,3233.81,3177.6,3177.71,4625133,61.25,3205.17,3195.02,36.6644,38.1045
2025-06-02,Sun Pharma,SUNPHARMA.NS,1478.65,1505.65,1455.01,1483.46,1851546,59.13,1482.18,1484.42,6.324,7.6043
2025-06-02,Tata Motors,TATAMOTORS.NS,854.44,876.52,861.58,869.99,7743427,38.72,877.78,893.84,-9.0272,-5.1351
2025-06-03,HDFC Bank,HDFCBANK.NS,1675.48,1685.58,1657.63,1662.62,1511220,41.43,1685.26,1691.99,3.8089,8.3564
2025-06-03,Infosys,INFY.NS,1601.66,1600.51,1577.65,1587.35,3238767,61.06,1584.61,1570.84,11.3488,7.398
2025-06-03,Reliance Industries,RELIANCE.NS,3177.71,3224.9,3149.45,3194.3,3046508,61.54,3199.33,3191.96,34.9084,37.4646
2025-06-03,Sun Pharma,SUNPHARMA.NS,1483.46,1491.93,1447.21,1467.24,7728201,44.29,1479.37,1481.25,4.8192,7.0467
2025-06-03,Tata Motors,TATAMOTORS.NS,869.99,874.97,855.48,863.91,5972725,42.3,867.44,889.12,-10.0747,-6.124
2025-06-04,HDFC Bank,HDFCBANK.NS,1662.62,1679.29,1620.54,1651.29,4087286,40.47,1672.58,1688.96,0.9755,6.8791
2025-06-04,Infosys,INFY.NS,1587.35,1582.05,1546.86,1577.37,5427198,53.85,1583.84,1573.24,10.9154,8.1021
2025-06-04,Reliance Industries,RELIANCE.NS,3194.3,3225.19,3182.65,3219.54,3916021,57.75,3201.4,3191.08,34.9904,36.9694
2025-06-04,Sun Pharma,SUNPHARMA.NS,1467.24,1452.09,1434.56,1443.83,8677318,29.44,1470.68,1476.79,1.8645,6.0095
2025-06-04,Tata Motors,TATAMOTORS.NS,863.91,871.8,843.32,858.56,2007121,40.15,862.97,884.0,-11.1705,-7.1341
2025-06-05,HDFC Bank,HDFCBANK.NS,1651.29,1660.94,1611.24,1639.35,2676145,34.71,1659.61,1681.43,-2.1345,5.0752
2025-06-05,Infosys,INFY.NS,1577.37,1616.41,1577.08,1597.62,4298139,61.68,1589.62,1577.27,11.9501,8.8722
2025-06-05,Reliance Industries,RELIANCE.NS,3219.54,3254.92,3175.22,3230.18,1697090,60.68,3206.27,3199.02,35.4382,36.6629
2025-06-05,Sun Pharma,SUNPHARMA.NS,1443.83,1463.02,1412.29,1438.64,3586644,32.33,1462.36,1472.71,-0.8508,4.6365
2025-06-05,Tata Motors,TATAMOTORS.NS,858.56,855.07,837.1,844.54,2485875,31.87,858.29,876.86,-12.936,-8.2952
2025-06-06,HDFC Bank,HDFCBANK.NS,1639.35,1637.74,1609.92,1627.92,5824109,35.43,1651.33,1674.67,-5.3926,2.9806
2025-06-06,Infosys,INFY.NS,1597.62,1627.39,1589.49,1603.08,3499685,72.95,1593.42,1582.12,13.0277,9.7037
2025-06-06,Reliance Industries,RELIANCE.NS,3230.18,3258.04,3181.14,3230.95,3302413,53.72,3210.54,3206.66,35.4367,36.4176
2025-06-06,Sun Pharma,SUNPHARMA.NS,1438.64,1456.3,1406.04,1433.13,2404949,25.13,1453.26,1468.14,-3.3742,3.0336
2025-06-06,Tata Motors,TATAMOTORS.NS,844.54,850.77,839.71,840.78,2198854,28.26,855.56,870.22,-14.4472,-9.5262
2025-06-07,HDFC Bank,HDFCBANK.NS,1627.92,1655.8,1608.87,1638.83,6880763,40.17,1644.0,1667.25,-7.0619,0.9713
2025-06-07,Infosys,INFY.NS,1603.08,1603.0,1561.58,1573.43,5829132,58.52,1587.77,1584.52,11.5012,10.0633
2025-06-07,Reliance Industries,RELIANCE.NS,3230.95,3256.24,3178.43,3214.92,3149017,48.2,3217.98,3211.57,33.8274,35.8993
2025-06-07,Sun Pharma,SUNPHARMA.NS,1433.13,1453.74,1427.6,1438.7,3501088,22.78,1444.31,1463.24,-4.8919,1.4478
2025-06-07,Tata Motors,TATAMOTORS.NS,840.78,840.6,828.79,839.79,2555009,23.52,849.52,863.65,-15.5365,-10.7288
2025-06-08,HDFC Bank,HDFCBANK.NS,1638.83,1653.96,1613.03,1637.28,1582980,40.43,1638.93,1662.1,-8.4029,-0.9042
2025-06-08,Infosys,INFY.NS,1573.43,1570.83,1531.54,1542.3,9298232,47.23,1578.76,1581.69,7.8337,9.6173
2025-06-08,Reliance Industries,RELIANCE.NS,3214.92,3257.74,3194.93,3206.61,4666524,46.14,3220.44,3209.88,31.5542,35.03
2025-06-08,Sun Pharma,SUNPHARMA.NS,1438.7,1437.35,1421.1,1436.62,4631068,24.64,1438.18,1458.78,-6.1791,-0.078
2025-06-08,Tata Motors,TATAMOTORS.NS,839.79,832.12,830.11,830.32,4000726,22.17,842.8,855.12,-16.9219,-11.9678
2025-06-09,HDFC Bank,HDFCBANK.NS,1637.28,1658.1,1619.97,1633.67,5404234,29.93,1635.41,1654.0,-9.628,-2.6494
2025-06-09,Infosys,INFY.NS,1542.3,1540.84,1516.01,1523.69,6353656,42.16,1568.02,1575.93,3.4686,8.3872
2025-06-09,Reliance Industries,RELIANCE.NS,3206.61,3212.57,3176.3,3196.64,2036251,60.74,3215.86,3208.63,28.6596,33.7556
2025-06-09,Sun Pharma,SUNPHARMA.NS,1436.62,1461.52,1449.04,1457.28,7380695,40.27,1440.87,1455.78,-5.5547,-1.1737
2025-06-09,Tata Motors,TATAMOTORS.NS,830.32,830.72,802.87,817.06,5619637,17.08,834.5,848.74,-18.8127,-13.3371
2025-06-10,HDFC Bank,HDFCBANK.NS,1633.67,1675.61,1655.04,1665.76,8609195,43.07,1640.69,1650.15,-8.0423,-3.7282
2025-06-10,Infosys,INFY.NS,1523.69,1541.96,1524.49,1538.85,3073684,46.54,1556.27,1572.95,1.1628,6.942
2025-06-10,Reliance Industries,RELIANCE.NS,3196.64,3244.51,3129.8,3181.26,3606539,55.92,3206.08,3206.17,24.8988,31.9839
2025-06-10,Sun Pharma,SUNPHARMA.NS,1457.28,1455.11,1409.69,1435.86,3313186,34.04,1440.32,1451.34,-6.6267,-2.2645
2025-06-10,Tata Motors,TATAMOTORS.NS,817.06,806.93,797.69,806.15,7122554,16.83,826.82,842.55,-20.9034,-14.8507
2025-06-11,HDFC Bank,HDFCBANK.NS,1665.76,1688.76,1672.88,1686.92,3925112,44.02,1652.49,1651.91,-5.0982,-4.0022
2025-06-11,Infosys,INFY.NS,1538.85,1567.27,1537.24,1558.35,2255637,51.85,1547.32,1570.37,0.8293,5.7193
2025-06-11,Reliance Industries,RELIANCE.NS,3181.26,3207.63,3134.33,3173.13,2586863,51.66,3194.51,3202.52,21.0506,29.7969
2025-06-11,Sun Pharma,SUNPHARMA.NS,1435.86,1437.41,1408.15,1431.69,4566945,28.49,1440.03,1446.64,-7.7069,-3.3532
2025-06-11,Tata Motors,TATAMOTORS.NS,806.15,792.51,778.92,790.68,8324865,15.43,816.8,836.18,-23.4771,-16.5763
2025-06-12,HDFC Bank,HDFCBANK.NS,1686.92,1724.37,1669.55,1693.95,1900681,51.27,1663.52,1653.76,-2.1982,-3.6414
2025-06-12,Infosys,INFY.NS,1558.35,1584.8,1542.15,1568.0,4695494,49.42,1546.24,1567.0,1.2959,4.8345
2025-06-12,Reliance Industries,RELIANCE.NS,3173.13,3174.36,3132.53,3173.12,3034314,34.68,3186.15,3202.06,17.7962,27.3964
2025-06-12,Sun Pharma,SUNPHARMA.NS,1431.69,1458.84,1426.5,1437.28,3028955,32.99,1439.75,1442.03,-8.037,-4.2901
2025-06-12,Tata Motors,TATAMOTORS.NS,790.68,808.7,789.98,801.58,4342755,15.84,809.16,829.34,-24.3895,-18.1391
2025-06-13,HDFC Bank,HDFCBANK.NS,1693.95,1732.36,1690.68,1699.9,5536016,45.93,1676.04,1657.49,0.5531,-2.8024
2025-06-13,Infosys,INFY.NS,1568.0,1585.63,1562.29,1574.8,3715516,48.58,1552.74,1565.75,2.1675,4.301
2025-06-13,Reliance Industries,RELIANCE.NS,3173.12,3221.96,3190.84,3197.5,3034804,46.65,3184.33,3202.38,16.913,25.2995
2025-06-13,Sun Pharma,SUNPHARMA.NS,1437.28,1470.38,1442.13,1465.66,3023834,42.87,1445.55,1441.87,-6.0282,-4.6377
2025-06-13,Tata Motors,TATAMOTORS.NS,801.58,814.68,809.03,812.67,2383817,26.19,805.63,824.21,-23.9739,-19.3062
2025-06-14,HDFC Bank,HDFCBANK.NS,1699.9,1718.45,1698.96,1701.61,5042601,49.24,1689.63,1662.52,2.832,-1.6754
2025-06-14,Infosys,INFY.NS,1574.8,1600.86,1584.56,1587.81,3586950,54.22,1565.56,1566.79,3.825,4.2058
2025-06-14,Reliance Industries,RELIANCE.NS,3197.5,3203.34,3126.94,3158.28,7328233,38.7,3176.66,3196.26,13.0129,22.842
2025-06-14,Sun Pharma,SUNPHARMA.NS,1465.66,1478.79,1457.26,1470.36,4619538,46.69,1448.17,1444.52,-4.0251,-4.5152
2025-06-14,Tata Motors,TATAMOTORS.NS,812.67,805.12,785.76,801.07,3611132,26.44,802.43,818.46,-24.2654,-20.2981
2025-06-15,HDFC Bank,HDFCBANK.NS,1701.61,1719.39,1702.73,1715.52,7240638,65.24,1699.58,1670.14,5.6561,-0.209
2025-06-15,Infosys,INFY.NS,1587.81,1571.23,1543.33,1559.28,3244531,44.82,1569.65,1562.96,2.8798,3.9406
2025-06-15,Reliance Industries,RELIANCE.NS,3158.28,3173.14,3122.17,3142.99,1869074,34.99,3169.0,3187.54,8.6317,19.9997
2025-06-15,Sun Pharma,SUNPHARMA.NS,1470.36,1491.17,1482.43,1483.73,4252620,51.58,1457.74,1449.03,-1.3802,-3.8881
2025-06-15,Tata Motors,TATAMOTORS.NS,801.07,805.5,780.48,794.35,6418287,27.77,800.07,813.44,-24.7335,-21.1853
2025-06-16,HDFC Bank,HDFCBANK.NS,1715.52,1714.71,1680.7,1697.75,3567062,56.82,1701.75,1677.12,6.4293,1.1187
2025-06-16,Infosys,INFY.NS,1559.28,1573.02,1537.25,1557.89,2713004,40.2,1569.56,1558.44,1.9993,3.5523
2025-06-16,Reliance Industries,RELIANCE.NS,3142.99,3165.17,3111.61,3116.46,1910261,35.85,3157.67,3176.09,3.0522,16.61
2025-06-16,Sun Pharma,SUNPHARMA.NS,1483.73,1499.04,1447.8,1474.29,1682740,47.23,1466.26,1453.15,-0.0229,-3.1151
2025-06-16,Tata Motors,TATAMOTORS.NS,794.35,786.23,774.88,783.01,6396344,16.79,798.54,807.67,-25.693,-22.0869
2025-06-17,HDFC Bank,HDFCBANK.NS,1697.75,1707.36,1656.88,1687.32,1948121,57.68,1700.42,1681.97,6.1532,2.1257
2025-06-17,Infosys,INFY.NS,1557.89,1562.44,1517.61,1543.64,7377929,40.22,1564.68,1555.46,0.1831,2.8784
2025-06-17,Reliance Industries,RELIANCE.NS,3116.46,3125.31,3082.42,3103.95,2039913,28.73,3143.84,3164.99,-2.3208,12.8237
2025-06-17,Sun Pharma,SUNPHARMA.NS,1474.29,1506.25,1480.01,1485.73,6991768,55.74,1475.95,1457.85,1.9263,-2.1067
2025-06-17,Tata Motors,TATAMOTORS.NS,783.01,804.89,783.07,794.0,2540694,24.27,797.02,803.09,-25.2988,-22.7293
2025-06-18,HDFC Bank,HDFCBANK.NS,1687.32,1721.27,1697.16,1703.27,6062977,65.71,1701.09,1688.57,7.1047,3.1215
2025-06-18,Infosys,INFY.NS,1543.64,1570.73,1557.8,1569.55,4571131,48.37,1563.63,1558.19,0.7702,2.4568
2025-06-18,Reliance Industries,RELIANCE.NS,3103.95,3155.22,3099.98,3119.92,5692594,25.48,3128.32,3156.32,-5.2619,9.2065
2025-06-18,Sun Pharma,SUNPHARMA.NS,1485.73,1474.17,1450.46,1465.52,6538754,56.88,1475.93,1460.74,1.8617,-1.313
2025-06-18,Tata Motors,TATAMOTORS.NS,794.0,790.85,780.92,790.7,5141206,24.65,792.63,799.13,-24.9567,-23.1748
2025-06-19,HDFC Bank,HDFCBANK.NS,1703.27,1736.44,1675.74,1703.14,2565556,70.76,1701.4,1695.51,7.7585,4.0489
2025-06-19,Infosys,INFY.NS,1569.55,1579.52,1550.53,1570.87,2641206,43.93,1560.25,1562.9,1.3238,2.2302
2025-06-19,Reliance Industries,RELIANCE.NS,3119.92,3125.18,3065.7,3105.21,4678226,19.84,3117.71,3147.18,-8.6492,5.6352
2025-06-19,Sun Pharma,SUNPHARMA.NS,1465.52,1487.17,1437.31,1465.09,4679491,58.65,1474.87,1461.52,1.7564,-0.6991
2025-06-19,Tata Motors,TATAMOTORS.NS,790.7,821.05,807.15,814.2,2866452,39.41,795.25,798.84,-22.5753,-23.0549
2025-06-20,HDFC Bank,HDFCBANK.NS,1703.14,1744.74,1677.39,1710.97,2919937,77.68,1700.49,1700.04,8.792,4.9976
2025-06-20,Infosys,INFY.NS,1570.87,1560.29,1536.86,1555.81,2631022,39.72,1559.55,1564.6,0.5686,1.8979
2025-06-20,Reliance Industries,RELIANCE.NS,3105.21,3118.75,3042.22,3101.97,2311747,19.24,3109.5,3139.25,-11.4556,2.217
2025-06-20,Sun Pharma,SUNPHARMA.NS,1465.09,1488.78,1482.84,1487.82,7585899,66.07,1475.69,1466.72,3.4253,0.1258
2025-06-20,Tata Motors,TATAMOTORS.NS,814.2,798.36,785.17,796.75,5382208,35.98,795.73,797.9,-21.8119,-22.8063
2025-06-21,HDFC Bank,HDFCBANK.NS,1710.97,1735.34,1671.01,1703.52,1753913,72.07,1701.64,1701.7,8.9193,5.7819
2025-06-21,Infosys,INFY.NS,1555.81,1577.51,1549.24,1558.54,3239555,46.33,1559.68,1564.62,0.1837,1.555
2025-06-21,Reliance Industries,RELIANCE.NS,3101.97,3115.08,3062.3,3113.46,5745943,25.27,3108.9,3133.29,-12.6255,-0.7516
2025-06-21,Sun Pharma,SUNPHARMA.NS,1487.82,1521.31,1468.31,1496.94,4346761,66.76,1480.22,1473.24,5.4051,1.1817
2025-06-21,Tata Motors,TATAMOTORS.NS,796.75,811.43,795.33,803.07,3248674,38.69,799.74,799.14,-20.4713,-22.3393
2025-06-22,HDFC Bank,HDFCBANK.NS,1703.52,1723.61,1716.7,1719.07,4095501,75.47,1707.99,1704.21,10.1329,6.6521
2025-06-22,Infosys,INFY.NS,1558.54,1585.91,1560.83,1564.21,1385492,56.17,1563.8,1564.24,0.3235,1.3087
2025-06-22,Reliance Industries,RELIANCE.NS,3113.46,3141.22,3062.55,3104.15,4667047,25.15,3108.94,3126.39,-14.1255,-3.4264
2025-06-22,Sun Pharma,SUNPHARMA.NS,1496.94,1528.52,1508.98,1525.39,3239505,72.18,1488.15,1482.05,9.1186,2.7691
2025-06-22,Tata Motors,TATAMOTORS.NS,803.07,809.86,789.28,799.9,4325618,40.25,800.92,798.97,-19.4351,-21.7584
2025-06-23,HDFC Bank,HDFCBANK.NS,1719.07,1724.31,1679.36,1695.13,7340545,66.99,1706.37,1703.73,9.0929,7.1403
2025-06-23,Infosys,INFY.NS,1564.21,1533.31,1530.16,1532.12,4111683,52.21,1556.31,1559.97,-2.0836,0.6302
2025-06-23,Reliance Industries,RELIANCE.NS,3104.15,3120.04,3072.73,3118.21,4283501,31.35,3108.6,3118.46,-14.0378,-5.5487
2025-06-23,Sun Pharma,SUNPHARMA.NS,1525.39,1559.78,1532.94,1533.16,5280100,70.26,1501.68,1488.8,12.5314,4.7216
2025-06-23,Tata Motors,TATAMOTORS.NS,799.9,813.83,792.28,802.58,1902909,45.02,803.3,797.96,-18.1915,-21.045
2025-06-24,HDFC Bank,HDFCBANK.NS,1695.13,1704.16,1675.5,1685.01,6312764,56.06,1702.74,1702.07,7.3808,7.1884
2025-06-24,Infosys,INFY.NS,1532.12,1556.03,1498.61,1528.83,3432635,47.2,1547.9,1554.07,-4.2033,-0.3365
2025-06-24,Reliance Industries,RELIANCE.NS,3118.21,3176.34,3104.67,3125.66,4147906,36.26,3112.69,3115.2,-13.2245,-7.0839
2025-06-24,Sun Pharma,SUNPHARMA.NS,1533.16,1558.85,1534.12,1536.13,5203607,79.71,1515.89,1495.38,15.2943,6.8361
2025-06-24,Tata Motors,TATAMOTORS.NS,802.58,813.1,803.95,806.35,2571803,50.07,801.73,798.49,-16.7139,-20.1788
2025-06-25,HDFC Bank,HDFCBANK.NS,1685.01,1689.03,1648.45,1676.78,4883552,46.53,1695.9,1698.2,5.3092,6.8126
2025-06-25,Infosys,INFY.NS,1528.83,1546.32,1516.46,1536.14,3771675,43.35,1543.97,1551.76,-5.2416,-1.3175
2025-06-25,Reliance Industries,RELIANCE.NS,3125.66,3135.13,3116.9,3117.61,1224961,36.27,3115.82,3112.66,-13.0684,-8.2808
2025-06-25,Sun Pharma,SUNPHARMA.NS,1536.13,1565.05,1517.81,1538.44,3519439,81.98,1526.01,1500.85,17.465,8.9619
2025-06-25,Tata Motors,TATAMOTORS.NS,806.35,810.47,783.0,796.16,5404629,52.06,801.61,798.67,-16.1657,-19.3762
2025-06-26,HDFC Bank,HDFCBANK.NS,1676.78,1688.22,1654.57,1665.47,2206559,40.52,1688.29,1694.97,2.7367,5.9974
2025-06-26,Infosys,INFY.NS,1536.14,1549.36,1515.46,1542.03,2616283,42.05,1540.67,1550.17,-5.532,-2.1604
2025-06-26,Reliance Industries,RELIANCE.NS,3117.61,3163.31,3099.91,3112.96,1978506,35.46,3115.72,3112.31,-13.1624,-9.2571
2025-06-26,Sun Pharma,SUNPHARMA.NS,1538.44,1571.03,1524.09,1548.04,3913706,82.4,1536.23,1508.23,19.7205,11.1136
2025-06-26,Tata Motors,TATAMOTORS.NS,796.16,797.24,775.09,789.17,1723659,45.19,798.83,799.29,-16.1011,-18.7212
2025-06-27,HDFC Bank,HDFCBANK.NS,1665.47,1705.29,1661.09,1679.67,1763170,43.62,1680.41,1694.2,1.808,5.1595
2025-06-27,Infosys,INFY.NS,1542.03,1582.49,1551.09,1559.23,3003971,45.52,1539.67,1551.73,-4.3427,-2.5969
2025-06-27,Reliance Industries,RELIANCE.NS,3112.96,3168.01,3094.89,3138.4,6568552,35.79,3122.57,3115.76,-11.0837,-9.6224
2025-06-27,Sun Pharma,SUNPHARMA.NS,1548.04,1566.33,1522.14,1548.94,4180216,79.03,1540.94,1514.55,21.3329,13.1575
2025-06-27,Tata Motors,TATAMOTORS.NS,789.17,809.09,789.42,799.22,1478868,44.75,798.7,799.81,-15.0757,-17.9921
2025-06-28,HDFC Bank,HDFCBANK.NS,1679.67,1718.88,1686.41,1686.68,3529675,45.44,1678.72,1692.54,1.612,4.45
2025-06-28,Infosys,INFY.NS,1559.23,1588.97,1538.05,1560.24,4722156,41.47,1545.29,1550.8,-3.2819,-2.7339
2025-06-28,Reliance Industries,RELIANCE.NS,3138.4,3155.66,3111.3,3133.26,4860865,42.8,3125.58,3117.09,-9.7337,-9.6447
2025-06-28,Sun Pharma,SUNPHARMA.NS,1548.94,1547.5,1527.11,1540.18,4643379,73.67,1542.35,1522.01,21.6622,14.8585
2025-06-28,Tata Motors,TATAMOTORS.NS,799.22,815.63,810.85,811.04,4609775,53.89,800.39,801.84,-13.1692,-17.0275
2025-06-29,HDFC Bank,HDFCBANK.NS,1686.68,1710.29,1677.58,1684.34,3989074,39.76,1678.59,1690.66,1.2556,3.8111
2025-06-29,Infosys,INFY.NS,1560.24,1565.11,1510.09,1537.53,3494961,43.02,1547.03,1547.47,-4.2042,-3.0279
2025-06-29,Reliance Industries,RELIANCE.NS,3133.26,3221.08,3133.77,3183.89,4439635,59.78,3137.22,3124.96,-4.5729,-8.6303
2025-06-29,Sun Pharma,SUNPHARMA.NS,1540.18,1589.74,1561.94,1565.19,6216359,75.59,1548.16,1532.02,23.6449,16.6157
2025-06-29,Tata Motors,TATAMOTORS.NS,811.04,843.43,814.88,830.4,3937239,62.79,805.2,803.46,-9.9989,-15.6218
2025-06-30,HDFC Bank,HDFCBANK.NS,1684.34,1694.29,1674.62,1693.72,2964442,48.6,1681.98,1688.94,1.7023,3.3894
2025-06-30,Infosys,INFY.NS,1537.53,1530.81,1521.05,1530.19,4348999,41.44,1545.84,1544.91,-5.4579,-3.5139
2025-06-30,Reliance Industries,RELIANCE.NS,3183.89,3256.9,3195.1,3241.81,3108424,76.05,3162.06,3138.94,4.093,-6.0857
2025-06-30,Sun Pharma,SUNPHARMA.NS,1565.19,1583.27,1541.61,1558.37,1995087,76.86,1552.14,1539.08,24.3899,18.1706
2025-06-30,Tata Motors,TATAMOTORS.NS,830.4,848.68,831.81,840.31,2569040,70.54,814.03,807.82,-6.6192,-13.8212
2025-07-01,HDFC Bank,HDFCBANK.NS,1693.72,1686.72,1674.2,1684.44,5529887,48.99,1685.77,1687.03,1.2999,2.9715
2025-07-01,Infosys,INFY.NS,1530.19,1526.59,1497.54,1502.04,2214608,38.16,1537.85,1539.26,-8.6011,-4.5314
2025-07-01,Reliance Industries,RELIANCE.NS,3241.81,3268.46,3254.92,3258.06,1715820,81.54,3191.08,3153.4,12.1182,-2.4449
2025-07-01,Sun Pharma,SUNPHARMA.NS,1558.37,1579.32,1548.22,1570.29,4392113,76.93,1556.59,1546.41,25.6366,19.6638
2025-07-01,Tata Motors,TATAMOTORS.NS,840.31,832.09,814.36,822.08,7665518,59.57,820.61,809.72,-5.3359,-12.1242
2025-07-02,HDFC Bank,HDFCBANK.NS,1684.44,1702.16,1672.19,1693.28,4833063,46.32,1688.49,1684.45,1.6685,2.7109
2025-07-02,Infosys,INFY.NS,1502.04,1505.29,1473.31,1496.22,2002458,26.43,1525.24,1532.46,-11.4252,-5.9101
2025-07-02,Reliance Industries,RELIANCE.NS,3258.06,3280.35,3235.56,3264.17,4767019,80.76,3216.24,3169.4,18.7497,1.794
2025-07-02,Sun Pharma,SUNPHARMA.NS,1570.29,1573.74,1522.78,1553.1,1676264,78.44,1557.43,1549.18,24.9619,20.7234
2025-07-02,Tata Motors,TATAMOTORS.NS,822.08,827.85,807.09,815.17,5804958,58.14,823.8,811.25,-4.8159,-10.6625
2025-07-03,HDFC Bank,HDFCBANK.NS,1693.28,1705.69,1688.52,1704.33,5635749,50.41,1692.02,1685.37,2.8122,2.7311
2025-07-03,Infosys,INFY.NS,1496.22,1523.26,1487.51,1514.77,6648706,33.77,1516.15,1530.72,-12.04,-7.1361
2025-07-03,Reliance Industries,RELIANCE.NS,3264.17,3274.39,3231.32,3258.67,2325720,84.07,3241.32,3183.45,23.2956,6.0944
2025-07-03,Sun Pharma,SUNPHARMA.NS,1553.1,1574.34,1521.74,1545.7,4203718,75.04,1558.53,1550.44,23.5632,21.2914
2025-07-03,Tata Motors,TATAMOTORS.NS,815.17,818.37,802.32,804.98,2603574,46.64,822.59,811.49,-5.1596,-9.5619
2025-07-04,HDFC Bank,HDFCBANK.NS,1704.33,1710.27,1687.99,1708.2,2065145,49.03,1696.79,1687.69,3.9824,2.9814
2025-07-04,Infosys,INFY.NS,1514.77,1525.29,1486.11,1510.44,4727855,36.0,1510.73,1528.88,-12.7269,-8.2543
2025-07-04,Reliance Industries,RELIANCE.NS,3258.67,3287.64,3242.1,3252.92,2553021,83.14,3255.13,3196.18,26.1359,10.1027
2025-07-04,Sun Pharma,SUNPHARMA.NS,1545.7,1564.51,1532.4,1552.48,4958309,72.3,1555.99,1552.07,22.7353,21.5802
2025-07-04,Tata Motors,TATAMOTORS.NS,804.98,836.36,808.06,820.39,5758709,58.76,820.59,812.89,-4.1503,-8.4796
2025-07-05,HDFC Bank,HDFCBANK.NS,1708.2,1739.59,1695.66,1712.56,3374059,53.24,1700.56,1691.27,5.199,3.4249
2025-07-05,Infosys,INFY.NS,1510.44,1501.38,1457.0,1480.76,7351667,29.43,1500.85,1523.34,-15.4702,-9.6975
2025-07-05,Reliance Industries,RELIANCE.NS,3252.92,3308.72,3230.21,3257.18,2731718,82.59,3258.2,3210.13,28.4002,13.7622
2025-07-05,Sun Pharma,SUNPHARMA.NS,1552.48,1560.95,1502.85,1531.64,2272637,61.07,1550.64,1551.39,20.1769,21.2995
2025-07-05,Tata Motors,TATAMOTORS.NS,820.39,828.93,817.76,823.04,4803273,57.6,817.13,815.58,-3.1024,-7.4042
2025-07-06,HDFC Bank,HDFCBANK.NS,1712.56,1750.54,1706.2,1732.98,6380134,54.82,1710.27,1698.02,7.7107,4.2821
2025-07-06,Infosys,INFY.NS,1480.76,1487.74,1467.0,1484.82,1539429,28.82,1497.4,1517.62,-17.1212,-11.1822
2025-07-06,Reliance Industries,RELIANCE.NS,3257.18,3344.15,3237.45,3295.57,5119706,88.35,3265.7,3228.39,32.8918,17.5881
2025-07-06,Sun Pharma,SUNPHARMA.NS,1531.64,1567.62,1514.64,1537.61,3739713,54.55,1544.11,1550.35,18.4155,20.7227
2025-07-06,Tata Motors,TATAMOTORS.NS,823.04,822.02,809.94,815.34,2369327,55.68,815.78,818.2,-2.8562,-6.4946
2025-07-07,HDFC Bank,HDFCBANK.NS,1732.98,1748.17,1719.72,1726.47,1688774,62.35,1716.91,1702.7,9.0743,5.2405
2025-07-07,Infosys,INFY.NS,1484.82,1503.06,1457.87,1477.39,1706018,33.19,1493.64,1509.44,-18.8082,-12.7074
2025-07-07,Reliance Industries,RELIANCE.NS,3295.57,3375.02,3300.87,3324.22,1778710,88.99,3277.71,3246.98,38.3066,21.7318
2025-07-07,Sun Pharma,SUNPHARMA.NS,1537.61,1555.32,1540.9,1545.65,6016353,54.64,1542.62,1550.02,17.4629,20.0707
2025-07-07,Tata Motors,TATAMOTORS.NS,815.34,826.67,819.45,824.03,4243280,57.56,817.56,820.68,-1.9419,-5.584
2025-07-08,HDFC Bank,HDFCBANK.NS,1726.47,1748.99,1700.46,1731.64,4537485,69.12,1722.37,1707.2,10.4491,6.2822
2025-07-08,Infosys,INFY.NS,1477.39,1442.27,1418.82,1438.4,8533178,27.22,1478.36,1497.26,-23.0077,-14.7675
2025-07-08,Reliance Industries,RELIANCE.NS,3324.22,3330.11,3243.63,3268.16,7112011,72.78,3279.61,3260.46,37.6655,24.9185
2025-07-08,Sun Pharma,SUNPHARMA.NS,1545.65,1571.56,1540.12,1554.4,3472079,56.51,1544.36,1551.44,17.2114,19.4989
2025-07-08,Tata Motors,TATAMOTORS.NS,824.03,827.25,809.98,818.28,5190542,54.15,820.22,821.4,-1.6595,-4.7991
2025-07-09,HDFC Bank,HDFCBANK.NS,1731.64,1749.63,1708.82,1735.21,1537257,74.9,1727.77,1712.28,11.6903,7.3638
2025-07-09,Infosys,INFY.NS,1438.4,1472.38,1423.41,1444.24,2995691,26.68,1465.12,1487.93,-25.5718,-16.9283
2025-07-09,Reliance Industries,RELIANCE.NS,3268.16,3353.89,3260.75,3315.71,4014356,78.12,3292.17,3273.65,40.5065,28.0361
2025-07-09,Sun Pharma,SUNPHARMA.NS,1554.4,1562.06,1551.3,1561.66,5698078,57.99,1546.19,1551.09,17.3941,19.0779
2025-07-09,Tata Motors,TATAMOTORS.NS,818.28,823.5,799.87,808.77,6452845,54.4,817.89,819.24,-2.1739,-4.2741
2025-07-10,HDFC Bank,HDFCBANK.NS,1735.21,1785.31,1751.97,1760.6,1858407,86.2,1737.38,1718.97,14.5447,8.8
2025-07-10,Infosys,INFY.NS,1444.24,1459.03,1427.25,1446.21,4519216,25.19,1458.21,1479.53,-27.1326,-18.9692
2025-07-10,Reliance Industries,RELIANCE.NS,3315.71,3372.44,3255.27,3307.44,2345702,77.32,3302.22,3280.21,41.6137,30.7517
2025-07-10,Sun Pharma,SUNPHARMA.NS,1561.66,1601.43,1590.63,1593.42,7378866,63.55,1558.55,1554.6,19.8599,19.2343
2025-07-10,Tata Motors,TATAMOTORS.NS,808.77,806.72,789.74,795.77,7004622,52.21,812.44,814.79,-3.5839,-4.136
2025-07-11,HDFC Bank,HDFCBANK.NS,1760.6,1768.16,1765.02,1765.25,2075794,85.12,1743.83,1727.05,16.9842,10.4369
2025-07-11,Infosys,INFY.NS,1446.21,1465.52,1412.95,1441.71,3831240,17.42,1449.59,1473.5,-28.4032,-20.856
2025-07-11,Reliance Industries,RELIANCE.NS,3307.44,3398.78,3333.59,3372.58,8666607,79.6,3317.62,3291.66,47.1791,34.0371
2025-07-11,Sun Pharma,SUNPHARMA.NS,1593.42,1619.52,1597.93,1599.67,3893512,64.68,1570.96,1557.53,22.0614,19.7997
2025-07-11,Tata Motors,TATAMOTORS.NS,795.77,813.39,792.48,805.65,2059004,52.16,810.5,813.14,-3.8632,-4.0815
2025-07-12,HDFC Bank,HDFCBANK.NS,1765.25,1770.79,1737.62,1751.99,4548591,75.49,1748.94,1732.92,17.6485,11.8792
2025-07-12,Infosys,INFY.NS,1441.71,1435.0,1419.9,1427.31,4053588,15.7,1439.57,1466.6,-30.2186,-22.7285
2025-07-12,Reliance Industries,RELIANCE.NS,3372.58,3507.28,3390.67,3442.88,3647671,83.6,3341.35,3309.53,56.5853,38.5468
2025-07-12,Sun Pharma,SUNPHARMA.NS,1599.67,1608.25,1558.37,1583.52,8018689,62.03,1578.53,1560.58,22.2517,20.2901
2025-07-12,Tata Motors,TATAMOTORS.NS,805.65,812.54,807.47,808.75,1685249,49.18,807.44,812.5,-3.7917,-4.0235
2025-07-13,HDFC Bank,HDFCBANK.NS,1751.99,1798.73,1768.56,1776.84,2527280,80.71,1757.98,1740.17,19.9422,13.4918
2025-07-13,Infosys,INFY.NS,1427.31,1449.07,1425.06,1437.09,5445968,22.23,1439.31,1458.84,-30.5192,-24.2867
2025-07-13,Reliance Industries,RELIANCE.NS,3442.88,3515.94,3432.02,3447.57,1297449,81.78,3377.24,3328.42,63.6819,43.5738
2025-07-13,Sun Pharma,SUNPHARMA.NS,1583.52,1612.69,1567.42,1585.11,3359995,56.36,1584.68,1564.52,22.2734,20.6868
2025-07-13,Tata Motors,TATAMOTORS.NS,808.75,811.82,804.4,811.61,3599670,42.41,806.11,813.16,-3.4653,-3.9119
2025-07-14,HDFC Bank,HDFCBANK.NS,1776.84,1774.01,1752.0,1764.22,2216289,72.91,1763.78,1745.78,20.5087,14.8952
2025-07-14,Infosys,INFY.NS,1437.09,1447.46,1417.91,1429.01,4492146,22.14,1436.27,1450.69,-31.0488,-25.6391
2025-07-14,Reliance Industries,RELIANCE.NS,3447.57,3503.94,3460.29,3491.81,8680830,81.16,3412.46,3352.31,72.0317,49.2654
2025-07-14,Sun Pharma,SUNPHARMA.NS,1585.11,1616.53,1571.84,1590.13,4577520,60.25,1590.37,1568.28,22.4355,21.0365
2025-07-14,Tata Motors,TATAMOTORS.NS,811.61,796.56,786.03,795.14,5171105,32.67,803.38,810.64,-4.479,-4.0253
2025-07-15,HDFC Bank,HDFCBANK.NS,1764.22,1758.93,1718.75,1748.1,5391520,69.81,1761.28,1749.33,19.4371,15.8036
2025-07-15,Infosys,INFY.NS,1429.01,1442.58,1436.16,1437.18,2652522,29.93,1434.46,1446.34,-30.4602,-26.6033
2025-07-15,Reliance Industries,RELIANCE.NS,3491.81,3511.99,3439.58,3495.45,2988371,80.55,3450.06,3376.14,78.0413,55.0206
2025-07-15,Sun Pharma,SUNPHARMA.NS,1590.13,1627.34,1590.93,1598.21,6554725,59.24,1591.33,1574.94,22.949,21.419
2025-07-15,Tata Motors,TATAMOTORS.NS,795.14,796.1,792.95,794.35,3973010,37.72,803.1,807.77,-5.285,-4.2772
2025-07-16,HDFC Bank,HDFCBANK.NS,1748.1,1758.72,1710.38,1740.92,2309719,64.98,1756.41,1750.12,17.805,16.2038
2025-07-16,Infosys,INFY.NS,1437.18,1460.71,1433.96,1454.56,5247180,37.97,1437.03,1443.31,-28.2697,-26.9366
2025-07-16,Reliance Industries,RELIANCE.NS,3495.45,3495.59,3471.18,3473.5,5934274,75.88,3470.24,3393.93,80.1142,60.0393
2025-07-16,Sun Pharma,SUNPHARMA.NS,1598.21,1618.56,1587.81,1596.07,5086178,65.79,1590.61,1580.78,22.9194,21.7191
2025-07-16,Tata Motors,TATAMOTORS.NS,794.35,807.92,790.79,798.75,3419140,42.56,801.72,806.11,-5.5062,-4.523
2025-07-17,HDFC Bank,HDFCBANK.NS,1740.92,1750.13,1709.9,1743.05,3203530,62.9,1754.63,1751.78,16.4927,16.2616
2025-07-17,Infosys,INFY.NS,1454.56,1487.33,1446.48,1463.22,1522945,34.21,1444.21,1441.89,-25.5424,-26.6577
2025-07-17,Reliance Industries,RELIANCE.NS,3473.5,3503.05,3450.7,3452.09,3777075,73.01,3472.08,3406.72,79.1218,63.8558
2025-07-17,Sun Pharma,SUNPHARMA.NS,1596.07,1611.47,1578.51,1590.86,2081167,66.87,1592.08,1585.3,22.2206,21.8194
2025-07-17,Tata Motors,TATAMOTORS.NS,798.75,807.96,794.99,800.05,3000177,47.57,799.98,803.71,-5.5134,-4.7211
2025-07-18,HDFC Bank,HDFCBANK.NS,1743.05,1761.63,1733.56,1733.61,5600416,58.16,1745.98,1751.98,14.5256,15.9144
2025-07-18,Infosys,INFY.NS,1463.22,1462.99,1436.15,1441.63,7631038,30.94,1445.12,1442.22,-24.8321,-26.2926
2025-07-18,Reliance Industries,RELIANCE.NS,3452.09,3462.13,3419.51,3437.46,4245210,71.5,3470.06,3423.65,76.2783,66.3403
2025-07-18,Sun Pharma,SUNPHARMA.NS,1590.86,1607.06,1563.2,1583.15,4833506,61.38,1591.68,1588.18,20.8063,21.6168
2025-07-18,Tata Motors,TATAMOTORS.NS,800.05,822.33,791.18,807.01,3643847,42.81,799.06,802.58,-4.9024,-4.7574
2025-07-19,HDFC Bank,HDFCBANK.NS,1733.61,1761.4,1719.79,1742.7,3598900,59.4,1741.68,1752.73,13.5421,15.44
2025-07-19,Infosys,INFY.NS,1441.63,1458.4,1415.71,1436.58,3002163,35.83,1446.63,1441.45,-24.3945,-25.913
2025-07-19,Reliance Industries,RELIANCE.NS,3437.46,3443.03,3395.64,3402.77,6423445,65.84,3452.25,3432.36,70.4205,67.1563
2025-07-19,Sun Pharma,SUNPHARMA.NS,1583.15,1598.49,1567.51,1581.2,3645344,71.38,1589.9,1590.13,19.3059,21.1546
2025-07-19,Tata Motors,TATAMOTORS.NS,807.01,827.73,802.87,815.02,3961105,45.93,803.04,803.21,-3.7305,-4.552
2025-07-20,HDFC Bank,HDFCBANK.NS,1742.7,1749.09,1706.06,1735.53,1380681,50.87,1739.16,1750.22,12.0466,14.7613
2025-07-20,Infosys,INFY.NS,1436.58,1487.2,1455.35,1461.85,8277814,43.52,1451.57,1443.01,-21.7622,-25.0828
2025-07-20,Reliance Industries,RELIANCE.NS,3402.77,3488.79,3416.87,3440.39,5321497,65.78,3441.24,3445.65,68.0226,67.3296
2025-07-20,Sun Pharma,SUNPHARMA.NS,1581.2,1564.87,1545.69,1546.21,4259886,52.97,1579.5,1585.41,15.1256,19.9488
2025-07-20,Tata Motors,TATAMOTORS.NS,815.02,820.7,819.18,819.47,3087074,52.17,808.06,805.58,-2.4156,-4.1247
2025-07-21,HDFC Bank,HDFCBANK.NS,1735.53,1744.38,1697.48,1722.53,1598245,48.72,1735.48,1745.95,9.7028,13.7496
2025-07-21,Infosys,INFY.NS,1461.85,1477.96,1438.53,1454.08,4078483,43.43,1451.47,1444.25,-20.0704,-24.0803
2025-07-21,Reliance Industries,RELIANCE.NS,3440.39,3440.71,3356.0,3416.68,2783090,60.19,3429.88,3450.06,63.481,66.5599
2025-07-21,Sun Pharma,SUNPHARMA.NS,1546.21,1584.56,1539.33,1560.34,6276250,54.86,1572.35,1581.48,12.8028,18.5196
2025-07-21,Tata Motors,TATAMOTORS.NS,819.47,821.57,803.32,809.85,1468744,42.62,810.28,806.0,-2.1237,-3.7245
2025-07-22,HDFC Bank,HDFCBANK.NS,1722.53,1754.96,1722.56,1726.15,4254139,48.2,1732.1,1743.37,8.0441,12.6085
2025-07-22,Infosys,INFY.NS,1454.08,1450.44,1413.11,1435.65,4412353,49.12,1445.96,1445.08,-19.9835,-23.261
2025-07-22,Reliance Industries,RELIANCE.NS,3416.68,3494.9,3444.55,3455.67,2221524,71.46,3430.59,3451.34,62.3035,65.7086
2025-07-22,Sun Pharma,SUNPHARMA.NS,1560.34,1589.45,1542.7,1559.38,4460965,51.74,1566.06,1579.07,10.7606,16.9678
2025-07-22,Tata Motors,TATAMOTORS.NS,809.85,838.92,823.42,824.01,1845487,52.74,815.07,807.53,-0.7435,-3.1283
2025-07-23,HDFC Bank,HDFCBANK.NS,1726.15,1732.31,1690.92,1709.03,3875898,42.1,1727.19,1736.58,5.2897,11.1447
2025-07-23,Infosys,INFY.NS,1435.65,1444.95,1414.26,1440.37,3761354,48.76,1445.71,1445.41,-19.3117,-22.4711
2025-07-23,Reliance Industries,RELIANCE.NS,3455.67,3450.16,3435.22,3440.38,3718289,65.41,3431.18,3450.62,59.4532,64.4575
2025-07-23,Sun Pharma,SUNPHARMA.NS,1559.38,1594.48,1564.81,1585.15,2842883,57.26,1566.46,1579.07,11.09,15.7922
2025-07-23,Tata Motors,TATAMOTORS.NS,824.01,832.49,812.87,821.9,3624447,56.76,818.05,808.56,0.1784,-2.467
2025-07-24,HDFC Bank,HDFCBANK.NS,1709.03,1718.03,1707.59,1715.76,5749228,34.75,1721.8,1731.74,3.6074,9.6373
2025-07-24,Infosys,INFY.NS,1440.37,1447.59,1419.31,1438.64,4063024,47.57,1446.12,1446.38,-18.7031,-21.7175
2025-07-24,Reliance Industries,RELIANCE.NS,3440.38,3471.95,3343.14,3407.32,2214152,61.63,3432.09,3442.17,53.9096,62.3479
2025-07-24,Sun Pharma,SUNPHARMA.NS,1585.15,1595.13,1569.83,1589.49,1546711,48.54,1568.11,1579.01,11.5672,14.9472
2025-07-24,Tata Motors,TATAMOTORS.NS,821.9,820.96,800.09,813.53,2667021,59.6,817.75,810.39,0.232,-1.9272
2025-07-25,HDFC Bank,HDFCBANK.NS,1715.76,1744.02,1703.06,1719.99,1854555,34.56,1718.69,1728.93,2.5852,8.2269
2025-07-25,Infosys,INFY.NS,1438.64,1431.07,1402.34,1416.71,8146572,42.77,1437.09,1444.33,-19.7597,-21.326
2025-07-25,Reliance Industries,RELIANCE.NS,3407.32,3476.95,3352.83,3419.72,5264959,56.26,3427.95,3434.6,49.9395,59.8662
2025-07-25,Sun Pharma,SUNPHARMA.NS,1589.49,1612.04,1566.29,1590.33,2854950,46.38,1576.94,1578.22,11.8762,14.333
2025-07-25,Tata Motors,TATAMOTORS.NS,813.53,838.7,809.59,822.62,5416934,59.25,818.38,813.22,0.9953,-1.3427
2025-07-26,HDFC Bank,HDFCBANK.NS,1719.99,1754.9,1727.58,1729.65,6562945,42.19,1720.12,1727.8,2.5243,7.0863
2025-07-26,Infosys,INFY.NS,1416.71,1447.11,1418.79,1443.19,9250998,54.29,1434.91,1443.19,-18.253,-20.7114
2025-07-26,Reliance Industries,RELIANCE.NS,3419.72,3444.99,3367.13,3390.04,6144798,42.14,3422.63,3426.25,43.8957,56.6721
2025-07-26,Sun Pharma,SUNPHARMA.NS,1590.33,1591.62,1567.12,1585.69,4531630,50.92,1582.01,1577.18,11.6133,13.7891
2025-07-26,Tata Motors,TATAMOTORS.NS,822.62,817.56,797.59,813.26,3691305,52.3,819.06,814.67,0.8365,-0.9068
2025-07-27,HDFC Bank,HDFCBANK.NS,1729.65,1768.02,1703.92,1738.59,3536610,34.95,1722.6,1727.35,3.16,6.3011
2025-07-27,Infosys,INFY.NS,1443.19,1472.68,1423.68,1448.03,3328502,53.04,1437.39,1441.67,-16.4789,-19.8649
2025-07-27,Reliance Industries,RELIANCE.NS,3390.04,3477.86,3344.42,3411.65,2010533,44.91,3413.82,3422.21,40.3818,53.4141
2025-07-27,Sun Pharma,SUNPHARMA.NS,1585.69,1585.43,1557.79,1579.94,4318619,47.87,1586.12,1576.09,10.8168,13.1946
2025-07-27,Tata Motors,TATAMOTORS.NS,813.26,817.48,806.25,816.66,5561740,52.56,817.59,816.33,0.9733,-0.5308
2025-07-28,HDFC Bank,HDFCBANK.NS,1738.59,1732.43,1705.8,1730.43,5273506,36.22,1726.88,1727.04,2.972,5.6353
2025-07-28,Infosys,INFY.NS,1448.03,1456.84,1406.56,1431.66,5561355,50.7,1435.65,1440.68,-16.2053,-19.133
2025-07-28,Reliance Industries,RELIANCE.NS,3411.65,3429.85,3332.44,3393.06,1990390,34.91,3404.36,3417.77,35.6874,49.8687
2025-07-28,Sun Pharma,SUNPHARMA.NS,1579.94,1595.47,1576.95,1579.24,3704309,45.35,1584.94,1575.7,10.0138,12.5585
2025-07-28,Tata Motors,TATAMOTORS.NS,816.66,827.29,799.56,814.05,1173243,61.17,816.02,817.04,0.8615,-0.2524
2025-07-29,HDFC Bank,HDFCBANK.NS,1730.43,1736.37,1730.15,1733.38,1756795,43.27,1730.41,1726.1,3.0258,5.1134
2025-07-29,Infosys,INFY.NS,1431.66,1438.29,1432.25,1437.46,5173186,50.08,1435.41,1440.76,-15.3442,-18.3752
2025-07-29,Reliance Industries,RELIANCE.NS,3393.06,3336.4,3277.88,3324.73,2145995,28.22,3387.84,3409.96,26.1581,45.1266
2025-07-29,Sun Pharma,SUNPHARMA.NS,1579.24,1590.79,1549.57,1578.88,4825161,41.17,1582.82,1575.46,9.2418,11.8951
2025-07-29,Tata Motors,TATAMOTORS.NS,814.05,838.85,815.17,824.44,6830873,65.97,818.21,817.98,1.5919,0.1165
2025-07-30,HDFC Bank,HDFCBANK.NS,1733.38,1731.54,1684.99,1716.62,4518277,39.79,1729.73,1724.21,1.6979,4.4303
2025-07-30,Infosys,INFY.NS,1437.46,1434.97,1426.67,1429.46,2717118,42.9,1437.96,1437.52,-15.1321,-17.7266
2025-07-30,Reliance Industries,RELIANCE.NS,3324.73,3323.59,3292.42,3321.07,1278205,29.6,3368.11,3398.03,18.1025,39.7218
2025-07-30,Sun Pharma,SUNPHARMA.NS,1578.88,1581.46,1564.69,1568.02,3192371,38.14,1578.35,1577.65,7.6662,11.0493
2025-07-30,Tata Motors,TATAMOTORS.NS,824.44,829.99,805.4,816.08,3428749,58.82,816.9,817.64,1.4799,0.3892
2025-07-31,HDFC Bank,HDFCBANK.NS,1716.62,1734.58,1688.14,1718.99,1523836,39.91,1727.6,1723.86,0.8271,3.7096
2025-07-31,Infosys,INFY.NS,1429.46,1466.31,1438.59,1442.28,4159386,44.21,1437.78,1436.34,-13.7718,-16.9356
2025-07-31,Reliance Industries,RELIANCE.NS,3321.07,3293.6,3246.89,3289.9,6581933,28.85,3348.08,3385.35,9.1008,33.5976
2025-07-31,Sun Pharma,SUNPHARMA.NS,1568.02,1595.73,1553.32,1578.16,4637040,44.84,1576.85,1579.43,7.1525,10.27
2025-07-31,Tata Motors,TATAMOTORS.NS,816.08,835.06,821.53,829.09,6616916,63.21,820.06,819.56,2.4121,0.7938
2025-08-01,HDFC Bank,HDFCBANK.NS,1718.99,1741.11,1702.28,1720.16,2053722,43.94,1723.92,1723.26,0.2287,3.0135
2025-08-01,Infosys,INFY.NS,1442.28,1470.09,1438.41,1445.89,2517160,51.31,1437.35,1437.37,-12.2614,-16.0008
2025-08-01,Reliance Industries,RELIANCE.NS,3289.9,3338.36,3258.6,3298.67,4900230,31.62,3325.49,3369.65,2.6435,27.4068
2025-08-01,Sun Pharma,SUNPHARMA.NS,1578.16,1600.39,1586.62,1596.24,7405921,54.9,1580.11,1583.11,8.1095,9.8379
2025-08-01,Tata Motors,TATAMOTORS.NS,829.09,842.08,825.17,830.83,4673702,61.38,822.9,820.25,3.2536,1.2857
2025-08-02,HDFC Bank,HDFCBANK.NS,1720.16,1739.86,1704.92,1729.16,3491875,43.89,1723.66,1725.27,0.4746,2.5057
2025-08-02,Infosys,INFY.NS,1445.89,1472.01,1441.02,1464.7,2130211,57.96,1443.96,1439.8,-9.439,-14.6884
2025-08-02,Reliance Industries,RELIANCE.NS,3298.67,3223.87,3194.61,3222.59,4094860,28.5,3291.39,3347.88,-8.5096,20.2235
2025-08-02,Sun Pharma,SUNPHARMA.NS,1596.24,1607.26,1585.95,1588.7,3008250,52.7,1582.0,1583.47,8.1659,9.5035
2025-08-02,Tata Motors,TATAMOTORS.NS,830.83,828.9,808.33,821.9,4617811,53.26,824.47,820.25,3.164,1.6614
2025-08-03,HDFC Bank,HDFCBANK.NS,1729.16,1751.9,1713.43,1726.29,1601123,45.67,1722.24,1726.33,0.433,2.0911
2025-08-03,Infosys,INFY.NS,1464.7,1446.47,1411.51,1433.38,5268127,42.21,1443.14,1439.28,-9.6167,-13.6741
2025-08-03,Reliance Industries,RELIANCE.NS,3222.59,3236.6,3202.52,3205.95,2018051,20.55,3267.64,3327.74,-18.4771,12.4834
2025-08-03,Sun Pharma,SUNPHARMA.NS,1588.7,1592.5,1560.17,1584.42,3253894,67.63,1583.11,1582.96,7.7758,9.1579
2025-08-03,Tata Motors,TATAMOTORS.NS,821.9,801.71,786.8,799.86,3735766,42.04,819.55,818.88,1.301,1.5893
2025-08-04,HDFC Bank,HDFCBANK.NS,1726.29,1757.38,1697.98,1731.73,4746055,54.65,1725.27,1727.5,0.8292,1.8388
2025-08-04,Infosys,INFY.NS,1433.38,1457.74,1426.22,1431.46,5231299,43.6,1443.54,1440.75,-9.7994,-12.8991
2025-08-04,Reliance Industries,RELIANCE.NS,3205.95,3142.43,3101.05,3121.72,4346411,17.83,3227.77,3297.94,-32.7901,3.4287
2025-08-04,Sun Pharma,SUNPHARMA.NS,1584.42,1581.23,1557.09,1570.84,5350290,54.87,1583.67,1581.01,6.2991,8.5862
2025-08-04,Tata Motors,TATAMOTORS.NS,799.86,798.47,771.84,785.1,1914560,40.36,813.36,815.13,-1.3501,1.0014
2025-08-05,HDFC Bank,HDFCBANK.NS,1731.73,1739.93,1732.83,1735.78,5408223,54.84,1728.62,1728.11,1.453,1.7616
2025-08-05,Infosys,INFY.NS,1431.46,1452.98,1413.31,1432.79,4711318,49.1,1441.64,1439.71,-9.7248,-12.2643
2025-08-05,Reliance Industries,RELIANCE.NS,3121.72,3149.08,3050.25,3110.87,5626883,9.94,3191.96,3270.02,-44.4951,-6.1561
2025-08-05,Sun Pharma,SUNPHARMA.NS,1570.84,1615.26,1580.06,1592.65,8545905,62.93,1586.57,1581.71,6.809,8.2307
2025-08-05,Tata Motors,TATAMOTORS.NS,785.1,795.85,776.74,781.93,4472067,32.07,803.92,811.99,-3.6644,0.0683
2025-08-06,HDFC Bank,HDFCBANK.NS,1735.78,1772.25,1744.17,1747.51,1970566,70.46,1734.09,1729.0,2.8603,1.9813
2025-08-06,Infosys,INFY.NS,1432.79,1411.84,1394.72,1404.15,7894331,40.14,1433.3,1435.32,-11.8387,-12.1792
2025-08-06,Reliance Industries,RELIANCE.NS,3110.87,3151.1,3075.7,3101.08,3196121,10.07,3152.44,3238.96,-53.939,-15.7127
2025-08-06,Sun Pharma,SUNPHARMA.NS,1592.65,1583.32,1557.57,1578.43,5709655,47.13,1583.01,1581.56,5.9972,7.784
2025-08-06,Tata Motors,TATAMOTORS.NS,781.93,775.83,763.77,775.68,1336591,30.98,792.89,807.9,-5.9341,-1.1322
2025-08-07,HDFC Bank,HDFCBANK.NS,1747.51,1757.81,1728.86,1733.49,2161239,58.75,1734.96,1729.31,2.8125,2.1476
2025-08-07,Infosys,INFY.NS,1404.15,1401.61,1376.44,1378.9,2187054,35.58,1416.14,1430.05,-15.3731,-12.8179
2025-08-07,Reliance Industries,RELIANCE.NS,3101.08,3120.02,3064.56,3098.9,2742185,10.86,3127.7,3209.55,-60.897,-24.7495
2025-08-07,Sun Pharma,SUNPHARMA.NS,1578.43,1579.25,1559.48,1574.41,4883980,43.55,1580.15,1581.08,4.9723,7.2217
2025-08-07,Tata Motors,TATAMOTORS.NS,775.68,790.68,779.04,788.5,6202096,40.06,786.21,805.34,-6.6226,-2.2303
2025-08-08,HDFC Bank,HDFCBANK.NS,1733.49,1738.75,1704.65,1733.07,2359775,56.7,1736.32,1729.28,2.7096,2.26
2025-08-08,Infosys,INFY.NS,1378.9,1392.46,1368.73,1378.53,3252658,39.71,1405.17,1424.15,-17.9965,-13.8537
2025-08-08,Reliance Industries,RELIANCE.NS,3098.9,3133.39,3064.51,3122.31,5368230,13.28,3110.98,3189.31,-63.7879,-32.5572
2025-08-08,Sun Pharma,SUNPHARMA.NS,1574.41,1590.93,1563.86,1580.73,2547605,46.08,1579.41,1581.26,4.6166,6.7007
2025-08-08,Tata Motors,TATAMOTORS.NS,788.5,812.73,790.84,802.34,6680020,42.24,786.71,803.13,-5.9831,-2.9809
2025-08-09,HDFC Bank,HDFCBANK.NS,1733.07,1773.62,1737.85,1740.45,2965945,55.67,1738.06,1731.66,3.1864,2.4453
2025-08-09,Infosys,INFY.NS,1378.53,1385.61,1347.86,1368.22,4862687,27.87,1392.52,1418.03,-20.6688,-15.2167
2025-08-09,Reliance Industries,RELIANCE.NS,3122.31,3200.45,3115.87,3149.9,4569637,20.2,3116.61,3172.19,-63.1261,-38.671
2025-08-09,Sun Pharma,SUNPHARMA.NS,1580.73,1592.83,1586.87,1591.21,2696777,52.15,1583.49,1583.58,5.1209,6.3847
2025-08-09,Tata Motors,TATAMOTORS.NS,802.34,794.41,783.49,789.22,3276997,41.06,787.53,800.44,-6.46,-3.6767
2025-08-10,HDFC Bank,HDFCBANK.NS,1740.45,1771.61,1733.36,1753.27,7234655,57.4,1741.56,1735.09,4.546,2.8654
2025-08-10,Infosys,INFY.NS,1368.22,1387.79,1375.86,1384.36,7264827,32.38,1382.83,1412.24,-21.24,-16.4213
2025-08-10,Reliance Industries,RELIANCE.NS,3149.9,3147.41,3052.82,3093.69,10072390,13.66,3113.18,3152.57,-66.37,-44.2108
2025-08-10,Sun Pharma,SUNPHARMA.NS,1591.21,1632.53,1590.11,1602.64,3756986,58.48,1585.48,1586.03,6.369,6.3816
2025-08-10,Tata Motors,TATAMOTORS.NS,789.22,820.58,798.86,806.16,3582694,46.45,792.38,798.15,-5.4093,-4.0232
2025-08-11,HDFC Bank,HDFCBANK.NS,1753.27,1792.16,1749.18,1764.53,2956602,66.68,1744.96,1739.53,6.4571,3.5837
2025-08-11,Infosys,INFY.NS,1384.36,1384.55,1361.89,1383.7,3372824,35.46,1378.74,1406.02,-21.498,-17.4367
2025-08-11,Reliance Industries,RELIANCE.NS,3093.69,3090.18,3068.14,3086.5,4236357,14.03,3110.26,3131.35,-68.7285,-49.1143
2025-08-11,Sun Pharma,SUNPHARMA.NS,1602.64,1619.95,1574.73,1600.25,2661319,57.75,1589.85,1586.43,7.0837,6.522
2025-08-11,Tata Motors,TATAMOTORS.NS,806.16,810.49,793.75,795.3,6162991,44.0,796.3,794.6,-5.3904,-4.2966
